{
  "file_path": "generated_graphs/nodes_90/removal_80percent/graph_21.edgelist",
  "num_nodes": 90,
  "percent_removed": 80,
  "iteration": 21,
  "MIS_SIZE": 20,
  "MIS_SETS": [
    [
      0,
      5,
      6,
      10,
      18,
      20,
      27,
      30,
      36,
      41,
      45,
      48,
      50,
      57,
      63,
      74,
      75,
      77,
      82,
      86
    ],
    [
      0,
      5,
      6,
      10,
      18,
      20,
      27,
      36,
      41,
      45,
      48,
      50,
      57,
      63,
      74,
      75,
      77,
      80,
      82,
      86
    ],
    [
      0,
      5,
      10,
      18,
      20,
      27,
      30,
      35,
      36,
      41,
      45,
      48,
      50,
      57,
      63,
      74,
      75,
      77,
      82,
      86
    ]
  ],
  "MIS_CELLS": [
    1,
    0,
    0,
    0,
    0,
    1,
    1,
    0,
    0,
    0,
    1,
    0,
    0,
    0,
    0,
    0,
    0,
    0,
    1,
    0,
    1,
    0,
    0,
    0,
    0,
    0,
    0,
    1,
    0,
    0,
    1,
    0,
    0,
    0,
    0,
    1,
    1,
    0,
    0,
    0,
    0,
    1,
    0,
    0,
    0,
    1,
    0,
    0,
    1,
    0,
    1,
    0,
    0,
    0,
    0,
    0,
    0,
    1,
    0,
    0,
    0,
    0,
    0,
    1,
    0,
    0,
    0,
    0,
    0,
    0,
    0,
    0,
    0,
    0,
    1,
    1,
    0,
    1,
    0,
    0,
    1,
    0,
    1,
    0,
    0,
    0,
    1,
    0,
    0,
    0
  ],
  "MIS_CELLS_PROB": [
    1.0,
    0.0,
    0.0,
    0.0,
    0.0,
    1.0,
    0.6666666666666666,
    0.0,
    0.0,
    0.0,
    1.0,
    0.0,
    0.0,
    0.0,
    0.0,
    0.0,
    0.0,
    0.0,
    1.0,
    0.0,
    1.0,
    0.0,
    0.0,
    0.0,
    0.0,
    0.0,
    0.0,
    1.0,
    0.0,
    0.0,
    0.6666666666666666,
    0.0,
    0.0,
    0.0,
    0.0,
    0.3333333333333333,
    1.0,
    0.0,
    0.0,
    0.0,
    0.0,
    1.0,
    0.0,
    0.0,
    0.0,
    1.0,
    0.0,
    0.0,
    1.0,
    0.0,
    1.0,
    0.0,
    0.0,
    0.0,
    0.0,
    0.0,
    0.0,
    1.0,
    0.0,
    0.0,
    0.0,
    0.0,
    0.0,
    1.0,
    0.0,
    0.0,
    0.0,
    0.0,
    0.0,
    0.0,
    0.0,
    0.0,
    0.0,
    0.0,
    1.0,
    1.0,
    0.0,
    1.0,
    0.0,
    0.0,
    0.3333333333333333,
    0.0,
    1.0,
    0.0,
    0.0,
    0.0,
    1.0,
    0.0,
    0.0,
    0.0
  ]
}