threshold,rmse
1.0,8.43338907450921
0.95,7.897094564718253
0.9,6.533778111495401
0.85,5.255831112560665
0.8,4.150501977672901
0.75,3.4687616943669815
0.7,2.5638846061210074
0.65,2.2036100916217998
0.6,2.0600390005436022
0.55,1.97397598682993
0.45,1.9124870816836483
0.5,1.9427709526238481
0.35,0.8026664962943851
0.15,0.7558320258377857
0.05,0.7470740646814465
0.4,0.8051118730990918
0.3,0.7855533190649869
0.25,0.7761399116094742
0.0,0.74432324565144
0.2,0.7579775158472146
0.1,0.752772652709081
