{
  "file_path": "test_generated_graphs/nodes_95/removal_70percent/graph_6.edgelist",
  "num_nodes": 95,
  "percent_removed": 70,
  "iteration": 6,
  "MIS_SIZE": 14,
  "MIS_SETS": [
    [
      8,
      15,
      16,
      29,
      37,
      49,
      58,
      63,
      64,
      68,
      72,
      73,
      79,
      92
    ],
    [
      8,
      15,
      16,
      29,
      44,
      49,
      58,
      63,
      64,
      68,
      72,
      73,
      79,
      92
    ],
    [
      15,
      18,
      24,
      26,
      32,
      42,
      44,
      45,
      49,
      51,
      58,
      63,
      76,
      77
    ]
  ],
  "MIS_CELLS": [
    0,
    0,
    0,
    0,
    0,
    0,
    0,
    0,
    1,
    0,
    0,
    0,
    0,
    0,
    0,
    1,
    1,
    0,
    1,
    0,
    0,
    0,
    0,
    0,
    1,
    0,
    1,
    0,
    0,
    1,
    0,
    0,
    1,
    0,
    0,
    0,
    0,
    1,
    0,
    0,
    0,
    0,
    1,
    0,
    1,
    1,
    0,
    0,
    0,
    1,
    0,
    1,
    0,
    0,
    0,
    0,
    0,
    0,
    1,
    0,
    0,
    0,
    0,
    1,
    1,
    0,
    0,
    0,
    1,
    0,
    0,
    0,
    1,
    1,
    0,
    0,
    1,
    1,
    0,
    1,
    0,
    0,
    0,
    0,
    0,
    0,
    0,
    0,
    0,
    0,
    0,
    0,
    1,
    0,
    0
  ],
  "MIS_CELLS_PROB": [
    0.0,
    0.0,
    0.0,
    0.0,
    0.0,
    0.0,
    0.0,
    0.0,
    0.6666666666666666,
    0.0,
    0.0,
    0.0,
    0.0,
    0.0,
    0.0,
    1.0,
    0.6666666666666666,
    0.0,
    0.3333333333333333,
    0.0,
    0.0,
    0.0,
    0.0,
    0.0,
    0.3333333333333333,
    0.0,
    0.3333333333333333,
    0.0,
    0.0,
    0.6666666666666666,
    0.0,
    0.0,
    0.3333333333333333,
    0.0,
    0.0,
    0.0,
    0.0,
    0.3333333333333333,
    0.0,
    0.0,
    0.0,
    0.0,
    0.3333333333333333,
    0.0,
    0.6666666666666666,
    0.3333333333333333,
    0.0,
    0.0,
    0.0,
    1.0,
    0.0,
    0.3333333333333333,
    0.0,
    0.0,
    0.0,
    0.0,
    0.0,
    0.0,
    1.0,
    0.0,
    0.0,
    0.0,
    0.0,
    1.0,
    0.6666666666666666,
    0.0,
    0.0,
    0.0,
    0.6666666666666666,
    0.0,
    0.0,
    0.0,
    0.6666666666666666,
    0.6666666666666666,
    0.0,
    0.0,
    0.3333333333333333,
    0.3333333333333333,
    0.0,
    0.6666666666666666,
    0.0,
    0.0,
    0.0,
    0.0,
    0.0,
    0.0,
    0.0,
    0.0,
    0.0,
    0.0,
    0.0,
    0.0,
    0.6666666666666666,
    0.0,
    0.0
  ]
}