{
  "file_path": "test_generated_graphs/nodes_95/removal_75percent/graph_18.edgelist",
  "num_nodes": 95,
  "percent_removed": 75,
  "iteration": 18,
  "MIS_SIZE": 17,
  "MIS_SETS": [
    [
      0,
      11,
      12,
      14,
      15,
      18,
      21,
      22,
      23,
      36,
      44,
      53,
      54,
      67,
      69,
      72,
      84
    ],
    [
      0,
      11,
      12,
      14,
      15,
      18,
      21,
      22,
      23,
      44,
      53,
      54,
      66,
      67,
      69,
      72,
      84
    ],
    [
      0,
      11,
      12,
      14,
      15,
      18,
      21,
      22,
      23,
      44,
      53,
      66,
      67,
      69,
      72,
      84,
      94
    ],
    [
      0,
      11,
      14,
      15,
      18,
      21,
      22,
      23,
      36,
      44,
      53,
      54,
      62,
      67,
      69,
      72,
      84
    ],
    [
      0,
      11,
      14,
      15,
      18,
      21,
      22,
      23,
      44,
      53,
      54,
      62,
      66,
      67,
      69,
      72,
      84
    ],
    [
      0,
      11,
      14,
      15,
      18,
      21,
      22,
      23,
      44,
      53,
      62,
      66,
      67,
      69,
      72,
      84,
      94
    ]
  ],
  "MIS_CELLS": [
    1,
    0,
    0,
    0,
    0,
    0,
    0,
    0,
    0,
    0,
    0,
    1,
    1,
    0,
    1,
    1,
    0,
    0,
    1,
    0,
    0,
    1,
    1,
    1,
    0,
    0,
    0,
    0,
    0,
    0,
    0,
    0,
    0,
    0,
    0,
    0,
    1,
    0,
    0,
    0,
    0,
    0,
    0,
    0,
    1,
    0,
    0,
    0,
    0,
    0,
    0,
    0,
    0,
    1,
    1,
    0,
    0,
    0,
    0,
    0,
    0,
    0,
    1,
    0,
    0,
    0,
    1,
    1,
    0,
    1,
    0,
    0,
    1,
    0,
    0,
    0,
    0,
    0,
    0,
    0,
    0,
    0,
    0,
    0,
    1,
    0,
    0,
    0,
    0,
    0,
    0,
    0,
    0,
    0,
    1
  ],
  "MIS_CELLS_PROB": [
    1.0,
    0.0,
    0.0,
    0.0,
    0.0,
    0.0,
    0.0,
    0.0,
    0.0,
    0.0,
    0.0,
    1.0,
    0.5,
    0.0,
    1.0,
    1.0,
    0.0,
    0.0,
    1.0,
    0.0,
    0.0,
    1.0,
    1.0,
    1.0,
    0.0,
    0.0,
    0.0,
    0.0,
    0.0,
    0.0,
    0.0,
    0.0,
    0.0,
    0.0,
    0.0,
    0.0,
    0.3333333333333333,
    0.0,
    0.0,
    0.0,
    0.0,
    0.0,
    0.0,
    0.0,
    1.0,
    0.0,
    0.0,
    0.0,
    0.0,
    0.0,
    0.0,
    0.0,
    0.0,
    1.0,
    0.6666666666666666,
    0.0,
    0.0,
    0.0,
    0.0,
    0.0,
    0.0,
    0.0,
    0.5,
    0.0,
    0.0,
    0.0,
    0.6666666666666666,
    1.0,
    0.0,
    1.0,
    0.0,
    0.0,
    1.0,
    0.0,
    0.0,
    0.0,
    0.0,
    0.0,
    0.0,
    0.0,
    0.0,
    0.0,
    0.0,
    0.0,
    1.0,
    0.0,
    0.0,
    0.0,
    0.0,
    0.0,
    0.0,
    0.0,
    0.0,
    0.0,
    0.3333333333333333
  ]
}