{
  "file_path": "test_generated_graphs/nodes_95/removal_70percent/graph_23.edgelist",
  "num_nodes": 95,
  "percent_removed": 70,
  "iteration": 23,
  "MIS_SIZE": 16,
  "MIS_SETS": [
    [
      5,
      6,
      12,
      13,
      15,
      19,
      27,
      36,
      46,
      47,
      55,
      74,
      75,
      86,
      90,
      91
    ],
    [
      5,
      6,
      12,
      13,
      15,
      19,
      27,
      46,
      47,
      55,
      56,
      74,
      75,
      86,
      90,
      91
    ],
    [
      5,
      12,
      13,
      15,
      19,
      20,
      23,
      27,
      30,
      36,
      55,
      74,
      75,
      86,
      90,
      91
    ]
  ],
  "MIS_CELLS": [
    0,
    0,
    0,
    0,
    0,
    1,
    1,
    0,
    0,
    0,
    0,
    0,
    1,
    1,
    0,
    1,
    0,
    0,
    0,
    1,
    1,
    0,
    0,
    1,
    0,
    0,
    0,
    1,
    0,
    0,
    1,
    0,
    0,
    0,
    0,
    0,
    1,
    0,
    0,
    0,
    0,
    0,
    0,
    0,
    0,
    0,
    1,
    1,
    0,
    0,
    0,
    0,
    0,
    0,
    0,
    1,
    1,
    0,
    0,
    0,
    0,
    0,
    0,
    0,
    0,
    0,
    0,
    0,
    0,
    0,
    0,
    0,
    0,
    0,
    1,
    1,
    0,
    0,
    0,
    0,
    0,
    0,
    0,
    0,
    0,
    0,
    1,
    0,
    0,
    0,
    1,
    1,
    0,
    0,
    0
  ],
  "MIS_CELLS_PROB": [
    0.0,
    0.0,
    0.0,
    0.0,
    0.0,
    1.0,
    0.6666666666666666,
    0.0,
    0.0,
    0.0,
    0.0,
    0.0,
    1.0,
    1.0,
    0.0,
    1.0,
    0.0,
    0.0,
    0.0,
    1.0,
    0.3333333333333333,
    0.0,
    0.0,
    0.3333333333333333,
    0.0,
    0.0,
    0.0,
    1.0,
    0.0,
    0.0,
    0.3333333333333333,
    0.0,
    0.0,
    0.0,
    0.0,
    0.0,
    0.6666666666666666,
    0.0,
    0.0,
    0.0,
    0.0,
    0.0,
    0.0,
    0.0,
    0.0,
    0.0,
    0.6666666666666666,
    0.6666666666666666,
    0.0,
    0.0,
    0.0,
    0.0,
    0.0,
    0.0,
    0.0,
    1.0,
    0.3333333333333333,
    0.0,
    0.0,
    0.0,
    0.0,
    0.0,
    0.0,
    0.0,
    0.0,
    0.0,
    0.0,
    0.0,
    0.0,
    0.0,
    0.0,
    0.0,
    0.0,
    0.0,
    1.0,
    1.0,
    0.0,
    0.0,
    0.0,
    0.0,
    0.0,
    0.0,
    0.0,
    0.0,
    0.0,
    0.0,
    1.0,
    0.0,
    0.0,
    0.0,
    1.0,
    1.0,
    0.0,
    0.0,
    0.0
  ]
}