{
  "file_path": "test_generated_graphs/nodes_95/removal_75percent/graph_2.edgelist",
  "num_nodes": 95,
  "percent_removed": 75,
  "iteration": 2,
  "MIS_SIZE": 17,
  "MIS_SETS": [
    [
      1,
      2,
      3,
      22,
      26,
      35,
      40,
      41,
      42,
      54,
      63,
      72,
      73,
      77,
      79,
      83,
      89
    ],
    [
      2,
      4,
      6,
      13,
      19,
      22,
      31,
      32,
      35,
      40,
      42,
      46,
      54,
      55,
      59,
      79,
      89
    ],
    [
      2,
      4,
      6,
      13,
      22,
      31,
      32,
      35,
      40,
      42,
      46,
      54,
      55,
      59,
      73,
      79,
      89
    ]
  ],
  "MIS_CELLS": [
    0,
    1,
    1,
    1,
    1,
    0,
    1,
    0,
    0,
    0,
    0,
    0,
    0,
    1,
    0,
    0,
    0,
    0,
    0,
    1,
    0,
    0,
    1,
    0,
    0,
    0,
    1,
    0,
    0,
    0,
    0,
    1,
    1,
    0,
    0,
    1,
    0,
    0,
    0,
    0,
    1,
    1,
    1,
    0,
    0,
    0,
    1,
    0,
    0,
    0,
    0,
    0,
    0,
    0,
    1,
    1,
    0,
    0,
    0,
    1,
    0,
    0,
    0,
    1,
    0,
    0,
    0,
    0,
    0,
    0,
    0,
    0,
    1,
    1,
    0,
    0,
    0,
    1,
    0,
    1,
    0,
    0,
    0,
    1,
    0,
    0,
    0,
    0,
    0,
    1,
    0,
    0,
    0,
    0,
    0
  ],
  "MIS_CELLS_PROB": [
    0.0,
    0.3333333333333333,
    1.0,
    0.3333333333333333,
    0.6666666666666666,
    0.0,
    0.6666666666666666,
    0.0,
    0.0,
    0.0,
    0.0,
    0.0,
    0.0,
    0.6666666666666666,
    0.0,
    0.0,
    0.0,
    0.0,
    0.0,
    0.3333333333333333,
    0.0,
    0.0,
    1.0,
    0.0,
    0.0,
    0.0,
    0.3333333333333333,
    0.0,
    0.0,
    0.0,
    0.0,
    0.6666666666666666,
    0.6666666666666666,
    0.0,
    0.0,
    1.0,
    0.0,
    0.0,
    0.0,
    0.0,
    1.0,
    0.3333333333333333,
    1.0,
    0.0,
    0.0,
    0.0,
    0.6666666666666666,
    0.0,
    0.0,
    0.0,
    0.0,
    0.0,
    0.0,
    0.0,
    1.0,
    0.6666666666666666,
    0.0,
    0.0,
    0.0,
    0.6666666666666666,
    0.0,
    0.0,
    0.0,
    0.3333333333333333,
    0.0,
    0.0,
    0.0,
    0.0,
    0.0,
    0.0,
    0.0,
    0.0,
    0.3333333333333333,
    0.6666666666666666,
    0.0,
    0.0,
    0.0,
    0.3333333333333333,
    0.0,
    1.0,
    0.0,
    0.0,
    0.0,
    0.3333333333333333,
    0.0,
    0.0,
    0.0,
    0.0,
    0.0,
    1.0,
    0.0,
    0.0,
    0.0,
    0.0,
    0.0
  ]
}