{
  "file_path": "test_generated_graphs/nodes_80/removal_85percent/graph_17.edgelist",
  "num_nodes": 80,
  "percent_removed": 85,
  "iteration": 17,
  "MIS_SIZE": 21,
  "MIS_SETS": [
    [
      1,
      4,
      8,
      13,
      15,
      16,
      17,
      19,
      23,
      28,
      30,
      39,
      46,
      56,
      60,
      62,
      68,
      71,
      73,
      76,
      77
    ],
    [
      4,
      8,
      11,
      13,
      14,
      15,
      16,
      17,
      19,
      23,
      28,
      30,
      39,
      56,
      60,
      62,
      68,
      71,
      73,
      76,
      77
    ],
    [
      4,
      8,
      11,
      13,
      15,
      16,
      17,
      19,
      23,
      28,
      30,
      39,
      46,
      56,
      60,
      62,
      68,
      71,
      73,
      76,
      77
    ]
  ],
  "MIS_CELLS": [
    0,
    1,
    0,
    0,
    1,
    0,
    0,
    0,
    1,
    0,
    0,
    1,
    0,
    1,
    1,
    1,
    1,
    1,
    0,
    1,
    0,
    0,
    0,
    1,
    0,
    0,
    0,
    0,
    1,
    0,
    1,
    0,
    0,
    0,
    0,
    0,
    0,
    0,
    0,
    1,
    0,
    0,
    0,
    0,
    0,
    0,
    1,
    0,
    0,
    0,
    0,
    0,
    0,
    0,
    0,
    0,
    1,
    0,
    0,
    0,
    1,
    0,
    1,
    0,
    0,
    0,
    0,
    0,
    1,
    0,
    0,
    1,
    0,
    1,
    0,
    0,
    1,
    1,
    0,
    0
  ],
  "MIS_CELLS_PROB": [
    0.0,
    0.3333333333333333,
    0.0,
    0.0,
    1.0,
    0.0,
    0.0,
    0.0,
    1.0,
    0.0,
    0.0,
    0.6666666666666666,
    0.0,
    1.0,
    0.3333333333333333,
    1.0,
    1.0,
    1.0,
    0.0,
    1.0,
    0.0,
    0.0,
    0.0,
    1.0,
    0.0,
    0.0,
    0.0,
    0.0,
    1.0,
    0.0,
    1.0,
    0.0,
    0.0,
    0.0,
    0.0,
    0.0,
    0.0,
    0.0,
    0.0,
    1.0,
    0.0,
    0.0,
    0.0,
    0.0,
    0.0,
    0.0,
    0.6666666666666666,
    0.0,
    0.0,
    0.0,
    0.0,
    0.0,
    0.0,
    0.0,
    0.0,
    0.0,
    1.0,
    0.0,
    0.0,
    0.0,
    1.0,
    0.0,
    1.0,
    0.0,
    0.0,
    0.0,
    0.0,
    0.0,
    1.0,
    0.0,
    0.0,
    1.0,
    0.0,
    1.0,
    0.0,
    0.0,
    1.0,
    1.0,
    0.0,
    0.0
  ]
}